userID,placeID,rating,food_rating,service_rating
U1001,1001,2,1,1
U1001,1002,1,1,1
U1001,1003,2,2,2
U1001,1004,2,1,1
U1001,1005,1,0,0
U1001,1006,1,0,1
U1001,1007,2,2,1
U1001,1008,2,1,0
U1001,1011,2,2,2
U1001,1012,2,1,1
U1001,1015,2,1,2
U1001,1016,1,2,2
U1001,1017,2,2,2
U1001,1018,2,1,0
U1001,1037,2,2,1
U1001,1038,1,1,1
U1002,1001,1,0,1
U1003,1007,2,2,2
U1003,1031,1,1,1
U1003,1072,2,2,2
U1003,1081,1,1,1
U1003,1083,2,2,2
U1003,1086,2,2,1
U1003,1095,2,1,1
U1004,1008,2,2,2
U1004,1016,2,1,1
U1004,1027,2,2,2
U1004,1033,2,2,2
U1004,1041,2,2,2
U1004,1057,2,2,1
U1004,1061,2,2,2
U1004,1077,1,1,1
U1004,1084,1,2,1
U1004,1091,2,2,1
U1005,1001,2,1,2
U1005,1003,2,2,1
U1005,1004,2,1,2
U1005,1005,2,1,1
U1005,1006,1,2,1
U1005,1007,1,1,0
U1005,1008,1,2,0
U1005,1009,1,2,0
U1005,1010,1,0,1
U1005,1011,1,2,1
U1005,1012,1,0,1
U1005,1015,1,1,0
U1005,1016,1,0,1
U1005,1018,1,1,0
U1005,1019,1,0,0
U1005,1020,1,0,1
U1005,1021,1,1,0
U1005,1022,0,1,0
U1005,1024,0,1,1
U1005,1026,1,1,0
U1005,1027,1,1,2
U1005,1028,1,1,0
U1005,1029,1,1,2
U1005,1030,1,0,1
U1005,1031,1,0,0
U1005,1032,1,0,1
U1005,1037,1,1,0
U1005,1041,1,1,0
U1005,1043,0,1,0
U1005,1046,1,1,1
U1005,1047,1,0,1
U1005,1050,1,0,1
U1005,1054,1,1,0
U1005,1055,1,1,1
U1005,1057,2,2,2
U1005,1093,1,1,1
U1005,1094,1,1,0
U1005,1095,1,1,1
U1005,1096,1,0,1
U1005,1097,1,0,1
U1005,1099,1,0,1
U1005,1100,1,0,1
U1006,1008,2,2,2
U1006,1014,1,1,1
U1006,1022,2,1,2
U1006,1035,1,1,1
U1006,1041,2,2,2
U1006,1060,2,2,2
U1006,1061,1,1,1
U1006,1071,2,1,2
U1006,1081,2,2,2
U1006,1095,1,1,1
U1007,1001,1,1,0
U1007,1002,0,0,0
U1007,1003,2,2,1
U1007,1004,1,2,1
U1007,1005,1,1,1
U1007,1006,2,2,1
U1007,1007,1,1,0
U1007,1008,2,2,1
U1007,1009,1,0,1
U1007,1010,2,2,1
U1007,1011,0,0,0
U1007,1012,1,1,2
U1007,1013,2,2,2
U1007,1015,2,1,0
U1007,1018,1,1,0
U1007,1020,1,1,0
U1007,1021,2,2,2
U1007,1023,1,1,0
U1007,1024,1,1,1
U1007,1025,2,1,1
U1007,1028,1,1,1
U1007,1030,1,1,0
U1007,1032,1,1,2
U1007,1034,1,0,2
U1007,1037,2,2,2
U1007,1038,2,2,1
U1007,1039,1,2,1
U1007,1045,2,2,2
U1007,1046,1,1,1
U1007,1047,1,1,1
U1007,1050,1,0,0
U1007,1056,2,1,1
U1007,1070,2,1,1
U1007,1093,1,1,2
U1007,1094,2,2,2
U1007,1095,1,1,2
U1007,1099,2,2,2
U1007,1001,2,1,2
U1008,1001,1,2,1
U1008,1002,2,2,2
U1008,1005,2,1,2
U1008,1031,2,1,0
U1008,1042,1,0,1
U1008,1077,2,1,1
U1008,1082,1,0,1
U1008,1096,0,0,0
U1008,1099,1,0,1
U1009,1001,0,0,0
U1009,1007,2,2,2
U1009,1009,1,1,1
U1009,1016,2,2,2
U1009,1021,1,1,2
U1009,1022,1,2,2
U1009,1034,2,2,2
U1009,1035,1,0,1
U1009,1036,1,1,2
U1009,1037,2,2,2
U1009,1038,1,1,1
U1009,1039,2,2,2
U1009,1040,1,1,1
U1009,1041,1,1,1
U1009,1042,2,2,2
U1009,1043,2,2,2
U1009,1048,1,1,0
U1009,1057,1,1,2
U1009,1059,0,0,0
U1009,1060,1,2,0
U1009,1061,1,2,1
U1009,1062,1,2,1
U1009,1075,1,1,1
U1009,1079,2,2,2
U1009,1086,2,2,2
U1009,1094,2,2,2
U1010,1001,1,1,1
U1010,1004,1,0,0
U1010,1007,2,1,2
U1010,1009,1,1,2
U1010,1039,1,1,1
U1010,1042,2,1,1
U1010,1050,2,2,2
U1010,1060,1,1,1
U1010,1061,1,1,0
U1010,1065,2,2,1
U1010,1068,1,0,1
U1010,1069,1,1,0
U1010,1071,2,1,2
U1010,1087,1,2,0
U1010,1090,1,1,0
U1010,1094,2,2,1
U1011,1007,1,1,1
U1011,1009,1,1,1
U1011,1029,1,1,1
U1011,1033,1,2,2
U1011,1035,1,1,1
U1011,1041,0,0,0
U1011,1050,1,1,1
U1011,1059,0,0,0
U1011,1060,0,1,1
U1011,1061,1,1,1
U1011,1062,1,1,1
U1011,1065,1,1,1
U1011,1070,0,0,0
U1011,1071,1,1,1
U1011,1072,1,1,1
U1011,1079,2,2,2
U1011,1086,1,1,1
U1011,1094,1,2,1
U1011,1079,2,2,2
U1012,1004,1,1,1
U1012,1008,1,1,0
U1012,1009,1,1,0
U1012,1016,1,1,1
U1012,1035,1,2,2
U1012,1036,1,2,1
U1012,1040,2,2,2
U1012,1047,1,2,2
U1012,1050,2,2,2
U1012,1057,1,2,2
U1012,1058,2,2,2
U1012,1060,1,2,0
U1012,1061,1,2,0
U1012,1062,1,2,2
U1012,1064,2,2,2
U1012,1065,1,1,1
U1012,1070,1,2,0
U1012,1071,2,2,2
U1012,1074,2,2,2
U1012,1075,1,1,1
U1012,1094,2,2,1
U1013,1001,1,0,1
U1013,1015,1,2,1
U1013,1049,2,1,1
U1013,1055,1,2,0
U1013,1099,1,1,1
U1014,1007,1,1,2
U1014,1010,1,1,1
U1014,1019,1,1,1
U1014,1032,1,2,0
U1014,1033,1,2,1
U1014,1035,1,1,1
U1014,1036,1,2,1
U1014,1039,1,2,0
U1014,1042,1,1,1
U1014,1048,2,2,2
U1014,1057,0,2,0
U1014,1060,2,0,2
U1014,1061,0,0,0
U1014,1062,2,2,2
U1014,1064,1,1,1
U1014,1065,1,1,1
U1014,1070,0,0,0
U1014,1071,0,0,1
U1014,1072,2,2,2
U1014,1077,0,0,0
U1014,1081,0,0,0
U1014,1087,0,0,0
U1014,1089,1,2,1
U1014,1090,0,0,0
U1014,1094,1,1,1
U1014,1095,1,1,1
U1015,1007,1,2,1
U1015,1033,2,2,1
U1015,1042,1,1,1
U1015,1060,2,2,1
U1015,1061,2,2,2
U1015,1071,2,1,1
U1015,1086,1,1,1
U1015,1097,1,1,1
U1016,1009,1,2,0
U1016,1019,2,2,2
U1016,1032,2,2,2
U1016,1034,2,2,2
U1016,1035,2,2,2
U1016,1036,0,0,1
U1016,1061,2,2,1
U1016,1062,1,2,1
U1016,1065,2,2,2
U1016,1069,2,2,2
U1016,1071,2,2,2
U1016,1072,1,1,1
U1016,1072,1,1,1
U1016,1087,2,1,2
U1017,1009,2,2,2
U1017,1020,2,2,2
U1017,1036,2,1,2
U1017,1042,2,2,2
U1017,1060,2,2,1
U1017,1064,2,2,2
U1017,1071,2,1,1
U1017,1095,1,1,1
U1018,1003,1,0,1
U1018,1006,0,0,1
U1018,1007,0,0,1
U1018,1008,0,0,1
U1018,1043,1,1,1
U1019,1007,1,2,1
U1019,1035,2,2,2
U1019,1041,1,0,1
U1019,1060,2,2,2
U1019,1061,1,1,1
U1019,1071,2,2,2
U1019,1079,2,2,2
U1019,1087,2,1,2
U1020,1007,1,1,2
U1020,1016,1,1,1
U1020,1033,1,1,2
U1020,1042,2,2,0
U1020,1058,0,0,0
U1020,1065,1,1,1
U1020,1071,2,2,2
U1020,1079,2,1,2
U1021,1071,1,1,1
U1021,1072,1,1,1
U1021,1087,2,2,2
U1021,1097,2,1,1
U1022,1008,1,2,1
U1022,1015,2,2,2
U1022,1027,2,2,2
U1022,1033,1,2,1
U1022,1041,2,2,2
U1022,1057,1,1,2
U1022,1069,1,1,1
U1022,1075,2,2,1
U1022,1086,2,2,2
U1022,1091,2,2,1
U1023,1001,2,2,1
U1023,1004,1,0,1
U1023,1038,2,0,1
U1023,1079,1,0,1
U1023,1085,1,2,1
U1023,1089,1,1,1
U1023,1094,2,1,1
U1023,1098,1,2,1
U1024,1022,1,1,1
U1024,1033,2,2,1
U1024,1035,2,2,1
U1024,1037,1,1,0
U1024,1041,2,1,1
U1024,1057,0,0,0
U1024,1060,1,1,1
U1024,1061,2,1,1
U1024,1065,1,1,0
U1024,1069,2,2,1
U1024,1077,2,1,1
U1024,1078,2,1,1
U1024,1081,2,2,1
U1024,1086,2,2,1
U1024,1090,1,1,1
U1024,1092,1,1,1
U1025,1005,2,2,2
U1025,1019,1,1,1
U1025,1027,2,1,1
U1025,1032,2,2,2
U1025,1042,1,1,0
U1025,1060,2,2,2
U1025,1061,2,2,2
U1025,1077,2,2,2
U1025,1086,2,2,2
U1025,1091,2,2,1
U1026,1001,1,1,1
U1026,1002,1,1,1
U1026,1003,2,2,2
U1026,1005,0,0,0
U1026,1008,1,1,1
U1026,1009,2,1,2
U1026,1010,2,2,2
U1026,1014,2,2,2
U1026,1025,2,2,2
U1026,1035,2,2,2
U1026,1037,2,2,2
U1026,1058,1,1,0
U1026,1060,2,2,1
U1026,1061,2,2,2
U1026,1062,2,2,2
U1026,1068,0,0,0
U1026,1070,2,2,2
U1026,1071,2,2,2
U1027,1015,1,1,1
U1027,1016,2,2,2
U1027,1021,1,1,1
U1027,1035,2,1,2
U1027,1039,2,2,2
U1027,1041,1,2,2
U1027,1044,1,2,1
U1027,1045,1,2,2
U1027,1046,1,1,1
U1027,1047,1,1,2
U1027,1051,1,2,2
U1027,1061,2,2,1
U1027,1062,2,2,2
U1027,1086,1,2,1
U1027,1090,2,2,2
U1027,1092,2,2,2
U1027,1094,2,2,2
U1028,1001,1,1,1
U1028,1002,1,1,1
U1028,1003,2,2,2
U1028,1007,2,2,2
U1028,1008,2,2,2
U1028,1009,2,2,2
U1028,1019,2,2,2
U1028,1029,2,2,2
U1028,1031,2,2,2
U1028,1035,2,2,2
U1028,1039,2,2,2
U1028,1042,1,1,1
U1028,1049,2,2,2
U1028,1057,2,2,2
U1028,1060,2,2,2
U1028,1061,2,2,2
U1028,1064,2,2,2
U1028,1071,2,2,1
U1028,1072,2,1,2
U1028,1079,1,1,2
U1028,1087,2,2,2
U1029,1001,1,1,1
U1029,1004,1,1,2
U1029,1006,2,2,2
U1029,1007,1,1,1
U1029,1008,2,2,2
U1029,1009,1,2,1
U1029,1011,2,1,1
U1029,1019,1,1,1
U1029,1021,1,2,1
U1029,1027,2,2,1
U1029,1029,1,1,1
U1029,1030,2,2,2
U1029,1039,2,2,1
U1029,1041,1,1,1
U1030,1007,2,2,2
U1030,1009,1,1,1
U1030,1019,1,1,1
U1030,1029,2,2,2
U1030,1031,1,1,1
U1030,1033,2,1,1
U1030,1035,2,2,2
U1030,1036,1,0,1
U1030,1039,1,1,1
U1030,1041,2,2,1
U1030,1042,1,1,1
U1030,1048,1,1,1
U1030,1057,0,0,0
U1030,1060,1,1,1
U1030,1061,1,1,0
U1030,1071,1,2,2
U1030,1072,2,2,2
U1030,1077,0,0,1
U1030,1078,1,1,1
U1030,1079,1,1,1
U1030,1086,2,2,2
U1030,1087,2,2,2
U1030,1092,2,2,2
U1030,1093,2,2,2
U1030,1095,0,1,0
U1030,1097,1,2,2
U1031,1004,1,2,1
U1031,1006,1,1,1
U1031,1007,1,1,2
U1031,1019,1,2,1
U1031,1033,2,2,2
U1031,1039,1,0,1
U1031,1050,1,2,1
U1031,1057,1,0,1
U1031,1060,1,1,2
U1031,1062,1,2,1
U1031,1067,0,0,1
U1031,1071,2,2,2
U1031,1076,1,1,1
U1031,1086,2,2,1
U1031,1087,1,2,1
U1032,1001,2,2,1
U1031,1086,2,2,1
U1031,1086,2,2,1
U1031,1086,2,2,1
U1031,1086,2,2,1
U1031,1086,2,2,1
U1031,1086,2,2,1
U1032,1007,2,2,2
U1032,1008,1,1,1
U1033,1001,1,2,1
U1033,1002,1,1,1
U1033,1003,1,1,1
U1033,1004,1,1,1
U1033,1005,2,2,2
U1033,1006,1,1,1
U1033,1007,2,2,2
U1033,1008,2,2,1
U1033,1011,1,1,1
U1033,1012,1,1,1
U1033,1015,2,2,2
U1033,1018,1,2,1
U1033,1020,2,2,2
U1034,1007,2,2,2
U1034,1009,1,1,1
U1034,1016,1,1,1
U1034,1019,1,1,0
U1034,1029,1,1,2
U1034,1031,1,2,1
U1034,1032,1,1,1
U1034,1033,1,2,1
U1034,1034,1,1,1
U1034,1035,1,1,0
U1034,1036,0,0,0
U1034,1039,1,2,1
U1034,1041,0,1,0
U1034,1042,1,2,1
U1034,1057,1,1,0
U1034,1060,1,2,0
U1034,1061,1,2,1
U1034,1071,2,2,2
U1034,1075,1,1,1
U1034,1077,1,1,1
U1034,1078,0,0,0
U1034,1079,0,1,0
U1034,1081,1,1,1
U1034,1083,0,0,0
U1034,1086,1,1,1
U1034,1087,1,1,0
U1034,1095,2,1,1
U1035,1007,2,2,2
U1035,1019,1,1,1
U1035,1029,1,1,1
U1035,1031,1,1,1
U1035,1041,2,2,2
U1035,1060,2,2,2
U1035,1061,1,1,1
U1035,1071,2,2,2
U1035,1081,2,2,2
U1035,1091,1,1,1
U1036,1001,1,1,1
U1036,1002,1,1,1
U1036,1003,2,1,1
U1036,1004,2,2,2
U1036,1005,1,1,1
U1036,1006,2,2,2
U1036,1007,1,2,2
U1036,1008,1,1,2
U1036,1009,2,2,2
U1036,1022,2,1,2
U1036,1023,1,1,1
U1036,1025,1,1,1
U1036,1028,1,1,2
U1036,1042,1,1,1
U1036,1052,1,1,2
U1036,1062,1,1,1
U1036,1072,2,2,2
U1036,1083,1,1,1
U1036,1095,2,2,1
U1036,1096,2,2,1
U1037,1001,2,2,2
U1037,1002,2,2,2
U1037,1003,2,2,2
U1037,1007,2,2,2
U1037,1084,1,1,1
U1037,1086,2,2,2
U1038,1001,1,1,1
U1038,1002,2,2,2
U1038,1004,2,2,2
U1038,1006,2,2,2
U1038,1007,1,2,1
U1038,1021,2,2,2
U1038,1035,1,1,0
U1038,1039,2,2,2
U1038,1058,1,1,0
U1038,1061,2,2,2
U1038,1067,2,2,2
U1038,1070,2,2,2
U1038,1095,2,2,2
U1038,1098,2,2,1
U1039,1001,1,2,1
U1039,1004,2,2,2
U1039,1008,1,1,1
U1039,1009,2,2,2
U1039,1019,1,1,2
U1039,1033,1,2,1
U1039,1035,1,1,2
U1039,1036,1,1,1
U1039,1039,2,2,1
U1039,1040,2,2,2
U1039,1041,2,2,2
U1039,1042,1,1,2
U1039,1048,0,0,0
U1039,1094,2,2,2
U1039,1095,1,1,1
U1040,1004,2,2,2
U1040,1015,1,0,1
U1040,1024,1,1,0
U1040,1057,2,1,0
U1040,1089,1,2,0
U1041,1002,2,2,2
U1041,1003,2,2,2
U1041,1007,2,2,2
U1041,1009,2,2,2
U1041,1041,2,1,1
U1041,1073,1,2,0
U1041,1076,2,1,1
U1041,1081,1,1,1
U1041,1096,2,2,2
U1042,1001,1,1,1
U1042,1002,1,1,1
U1042,1003,2,1,2
U1042,1005,1,1,1
U1042,1006,0,2,1
U1042,1008,1,2,1
U1042,1009,2,2,2
U1042,1010,1,2,2
U1042,1011,1,1,2
U1042,1012,2,1,2
U1042,1013,1,1,1
U1042,1014,1,0,1
U1042,1015,1,0,1
U1042,1016,1,2,1
U1042,1017,2,1,1
U1042,1018,2,1,1
U1042,1019,2,2,2
U1042,1020,1,1,2
U1042,1071,2,2,2
U1042,1072,0,0,0
U1043,1007,1,1,2
U1043,1020,1,2,1
U1043,1029,2,2,2
U1043,1032,1,1,1
U1043,1050,1,2,0
U1043,1057,0,0,0
U1043,1061,2,2,2
U1043,1071,1,1,1
U1043,1086,1,2,0
U1043,1095,2,2,2
U1044,1001,1,1,0
U1044,1002,1,1,1
U1044,1003,1,1,1
U1044,1004,1,2,1
U1044,1005,1,1,1
U1044,1006,2,2,1
U1044,1007,1,1,1
U1044,1008,1,1,1
U1044,1009,2,2,2
U1044,1010,1,1,2
U1044,1011,1,1,1
U1045,1001,1,1,1
U1045,1002,1,1,1
U1045,1003,1,1,1
U1045,1004,1,1,1
U1045,1005,1,1,1
U1045,1008,1,1,1
U1045,1014,1,1,1
U1045,1016,1,1,1
U1045,1024,1,1,1
U1046,1001,2,2,2
U1046,1016,1,1,1
U1046,1039,2,2,2
U1046,1048,1,1,0
U1047,1007,2,2,2
U1047,1027,1,1,1
U1047,1031,1,2,1
U1047,1041,2,2,2
U1047,1054,1,1,1
U1047,1061,1,1,2
U1047,1077,2,2,1
U1047,1083,1,1,0
U1047,1099,1,1,1
U1048,1029,1,1,1
U1048,1035,2,2,2
U1048,1048,1,1,1
U1048,1060,2,2,2
U1048,1061,2,2,2
U1048,1072,1,1,1
U1048,1087,2,1,2
U1048,1097,1,1,1
U1049,1001,2,2,2
U1049,1002,2,2,2
U1049,1003,2,2,2
U1049,1004,2,1,2
U1049,1005,0,1,2
U1049,1006,2,1,0
U1049,1007,1,1,1
U1049,1008,0,0,0
U1049,1009,0,1,2
U1049,1010,1,0,2
U1049,1012,2,1,1
U1049,1013,2,1,2
U1049,1014,0,1,0
U1049,1015,0,1,1
U1049,1016,0,1,2
U1049,1017,1,0,0
U1049,1018,1,0,1
U1049,1019,1,0,2
U1049,1020,2,0,0
U1049,1022,2,1,2
U1049,1023,2,1,0
U1049,1024,2,1,1
U1049,1025,2,1,2
U1049,1026,2,2,0
U1049,1027,2,2,1
U1049,1028,2,2,2
U1049,1029,0,2,0
U1049,1030,0,2,1
U1049,1031,0,2,2
U1049,1032,1,0,0
U1049,1033,1,0,1
U1049,1034,1,0,1
U1049,1035,1,1,0
U1049,1036,1,1,1
U1049,1037,1,1,2
U1049,1038,1,2,0
U1049,1039,1,2,1
U1049,1040,1,2,2
U1049,1041,0,0,0
U1049,1042,0,1,0
U1049,1043,0,1,2
U1049,1044,0,2,0
U1049,1047,2,1,0
U1049,1050,0,0,0
U1049,1051,0,0,1
U1049,1059,2,2,0
U1049,1060,2,2,1
U1049,1061,2,2,2
U1050,1009,2,2,2
U1050,1015,2,2,2
U1050,1029,2,2,2
U1050,1036,2,2,2
U1050,1048,2,2,2
U1050,1055,2,2,2
U1050,1061,2,2,2
U1050,1071,2,2,2
U1050,1081,2,2,2
U1050,1094,2,2,2
U1051,1001,2,2,2
U1051,1002,2,1,2
U1051,1004,2,2,2
U1051,1005,2,2,2
U1051,1006,2,2,2
U1051,1012,2,1,1
U1051,1013,1,1,2
U1051,1014,1,1,1
U1051,1015,2,2,2
U1051,1016,1,1,2
U1051,1017,2,2,1
U1051,1018,1,2,1
U1051,1019,2,2,1
U1051,1020,2,2,1
U1051,1031,2,2,2
U1051,1032,2,2,2
U1051,1033,2,2,2
U1051,1034,0,1,0
U1051,1036,0,0,1
U1051,1037,2,1,1
U1051,1038,2,1,1
U1051,1040,2,1,2
U1051,1041,2,2,2
U1051,1060,2,1,2
U1051,1070,2,1,2
U1051,1079,2,1,2
U1051,1081,2,2,2
U1051,1091,2,2,2
U1052,1001,1,1,1
U1052,1009,2,2,1
U1052,1020,2,1,2
U1052,1022,2,2,2
U1052,1032,2,1,2
U1052,1041,1,1,1
U1052,1060,2,2,2
U1052,1061,2,2,2
U1052,1071,2,2,2
U1052,1086,1,1,1
U1052,1095,1,1,1
U1053,1001,1,1,1
U1053,1002,1,2,1
U1053,1003,2,2,2
U1053,1004,1,0,1
U1053,1031,1,1,1
U1053,1033,2,2,2
U1053,1035,1,2,0
U1053,1036,2,2,2
U1053,1037,2,1,1
U1053,1039,2,2,2
U1053,1041,2,2,2
U1053,1042,1,2,1
U1053,1048,2,2,2
U1053,1057,0,0,0
U1053,1059,1,1,0
U1053,1060,2,2,2
U1053,1061,2,2,2
U1053,1062,2,2,2
U1053,1069,2,2,2
U1053,1071,1,1,1
U1053,1072,2,2,2
U1053,1087,2,2,2
U1053,1092,1,1,1
U1054,1008,1,0,1
U1054,1035,1,1,1
U1054,1041,1,1,1
U1054,1057,1,1,1
U1054,1060,1,1,1
U1054,1061,2,2,2
U1054,1077,2,2,2
U1054,1084,1,1,1
U1054,1086,1,1,1
U1054,1090,1,1,1
U1055,1007,2,2,2
U1055,1020,2,1,2
U1055,1030,1,1,1
U1055,1032,2,2,1
U1055,1042,2,2,2
U1055,1060,2,2,2
U1055,1061,2,1,2
U1055,1072,2,2,2
U1055,1081,2,2,2
U1055,1095,1,1,2
U1056,1001,1,1,1
U1056,1002,2,1,1
U1056,1012,1,2,1
U1056,1023,1,1,1
U1056,1031,1,2,2
U1056,1041,2,1,2
U1056,1051,1,2,1
U1056,1061,2,2,1
U1056,1071,2,1,1
U1056,1087,2,2,2
U1056,1094,2,2,2
U1057,1001,1,1,1
U1057,1005,1,1,1
U1057,1006,1,1,1
U1057,1007,2,2,2
U1057,1008,1,1,0
U1057,1027,1,1,1
U1057,1039,1,1,1
U1057,1041,1,2,2
U1057,1094,1,1,2
U1057,1095,1,1,1
U1058,1019,1,1,1
U1058,1029,2,2,2
U1058,1031,1,1,1
U1058,1033,1,0,1
U1058,1035,2,2,2
U1058,1039,2,1,2
U1058,1041,1,1,1
U1058,1042,1,1,0
U1058,1048,0,0,0
U1058,1057,1,0,1
U1058,1060,2,2,2
U1058,1061,1,1,1
U1058,1064,1,1,1
U1058,1065,1,1,0
U1058,1070,1,1,1
U1058,1071,1,1,1
U1058,1072,1,1,1
U1058,1075,1,1,1
U1058,1079,2,2,2
U1058,1087,1,1,1
U1058,1094,1,1,1
U1059,1007,2,2,2
U1059,1019,1,1,1
U1059,1029,1,1,1
U1059,1032,0,0,1
U1059,1033,2,2,2
U1059,1047,2,2,1
U1059,1057,2,2,2
U1059,1061,1,1,0
U1059,1077,1,1,0
U1059,1083,2,2,2
U1059,1093,1,2,1
U1060,1003,2,2,2
U1060,1005,1,1,1
U1060,1006,1,1,1
U1060,1007,1,0,1
U1060,1008,1,1,1
U1060,1009,1,1,1
U1060,1010,1,1,1
U1060,1017,1,1,1
U1060,1018,1,1,1
U1060,1019,1,1,1
U1061,1003,1,1,1
U1061,1009,2,2,2
U1061,1011,1,1,1
U1061,1019,2,2,2
U1061,1060,2,2,2
U1061,1061,2,2,2
U1061,1064,2,2,2
U1061,1065,2,2,2
U1061,1066,2,2,2
U1061,1067,1,1,1
U1061,1070,2,2,1
U1061,1071,2,2,2
U1061,1072,2,2,2
U1061,1077,2,2,2
U1061,1078,1,1,1
U1061,1079,1,1,1
U1061,1081,1,1,1
U1061,1087,2,2,2
U1061,1094,2,2,2
U1061,1097,2,2,2
U1062,1010,2,2,2
U1062,1019,2,2,2
U1062,1030,1,1,1
U1062,1032,1,1,1
U1062,1047,2,2,2
U1062,1048,2,2,2
U1062,1060,1,1,1
U1062,1062,2,2,2
U1062,1071,2,2,2
U1062,1083,0,0,0
U1062,1094,2,2,2
U1063,1007,2,2,2
U1063,1015,2,2,2
U1063,1029,2,2,2
U1063,1031,2,2,2
U1063,1041,2,2,2
U1063,1060,2,2,2
U1063,1061,2,2,2
U1063,1072,2,2,2
U1063,1086,2,2,2
U1063,1095,2,2,2
U1064,1029,2,1,2
U1064,1035,2,2,2
U1064,1039,2,2,2
U1064,1048,1,1,2
U1064,1057,1,1,1
U1064,1060,0,1,0
U1064,1071,2,2,2
U1064,1087,2,2,2
U1064,1095,2,2,2
U1065,1001,1,1,0
U1065,1002,1,1,1
U1065,1003,1,0,1
U1065,1004,0,0,0
U1065,1005,0,0,0
U1065,1006,1,1,1
U1065,1007,1,0,2
U1065,1008,1,1,1
U1065,1009,1,1,2
U1065,1010,1,0,1
U1065,1011,1,1,1
U1065,1012,0,1,0
U1065,1014,1,1,0
U1065,1015,1,0,2
U1065,1018,1,0,1
U1065,1019,2,1,2
U1065,1020,1,1,0
U1065,1021,1,2,1
U1065,1022,1,2,1
U1065,1024,1,2,2
U1065,1025,1,2,2
U1065,1028,2,1,1
U1065,1030,1,2,1
U1065,1031,2,1,2
U1065,1032,1,2,1
U1065,1033,1,2,1
U1065,1034,2,2,2
U1065,1035,1,2,0
U1065,1037,1,1,1
U1065,1040,1,2,1
U1065,1042,1,2,2
U1065,1044,1,1,0
U1065,1045,1,0,0
U1065,1046,1,0,1
U1065,1048,1,0,1
U1065,1049,1,0,1
U1065,1054,1,1,0
U1065,1058,1,1,1
U1065,1059,1,1,0
U1065,1061,1,2,1
U1065,1063,1,1,0
U1065,1064,1,0,1
U1065,1076,1,1,1
U1065,1077,1,1,0
U1065,1078,1,1,0
U1065,1082,1,1,0
U1065,1084,1,1,0
U1065,1085,0,1,1
U1065,1088,1,2,2
U1065,1092,1,1,0
U1065,1094,0,0,0
U1065,1095,2,2,2
U1065,1097,1,1,1
U1065,1098,1,1,1
U1065,1099,1,2,1
U1065,1100,1,1,0
U1066,1001,1,1,0
U1066,1004,1,1,1
U1066,1005,1,1,0
U1066,1007,2,2,2
U1066,1008,2,2,2
U1066,1009,2,2,2
U1066,1010,1,1,1
U1066,1019,2,2,2
U1066,1030,2,2,2
U1066,1031,2,2,2
U1066,1041,2,2,2
U1066,1061,2,2,2
U1066,1080,2,2,2
U1066,1095,2,1,0
U1067,1001,1,1,1
U1067,1002,1,1,1
U1067,1011,2,1,1
U1067,1013,1,1,1
U1067,1014,2,1,1
U1067,1015,2,1,1
U1067,1016,2,2,2
U1067,1017,2,2,2
U1067,1019,2,2,2
U1067,1020,1,1,1
U1067,1022,1,1,1
U1067,1027,2,1,2
U1067,1029,2,2,2
U1067,1031,2,2,2
U1067,1032,2,2,1
U1067,1034,2,2,2
U1067,1035,2,2,2
U1067,1036,2,1,1
U1067,1037,2,1,1
U1067,1038,1,1,1
U1067,1041,2,2,1
U1067,1045,1,1,1
U1067,1057,1,1,1
U1067,1060,2,2,2
U1067,1061,2,2,2
U1067,1062,1,1,1
U1067,1065,1,2,2
U1067,1066,2,2,2
U1067,1077,2,1,2
U1067,1079,1,2,1
U1068,1008,2,2,2
U1068,1009,2,1,2
U1068,1019,2,1,2
U1068,1029,1,1,2
U1068,1031,2,2,2
U1068,1032,2,2,2
U1068,1033,1,1,1
U1068,1035,1,1,1
U1068,1036,1,1,2
U1068,1041,2,2,2
U1068,1042,2,2,2
U1068,1043,2,2,2
U1068,1060,2,2,2
U1068,1061,1,1,2
U1068,1064,1,1,2
U1068,1065,1,1,1
U1068,1069,1,1,1
U1068,1071,2,2,2
U1068,1072,2,2,1
U1068,1077,1,2,2
U1068,1079,2,1,2
U1068,1086,1,1,2
U1068,1087,2,2,2
U1068,1095,0,0,0
U1069,1007,1,2,1
U1069,1008,1,2,1
U1069,1009,1,2,1
U1069,1010,1,2,2
U1069,1018,1,0,2
U1069,1019,1,0,2
U1069,1022,2,1,1
U1069,1033,2,1,1
U1069,1035,2,2,2
U1069,1036,2,2,2
U1069,1041,1,2,1
U1070,1005,1,1,1
U1070,1007,1,2,1
U1070,1041,1,1,1
U1070,1060,1,2,2
U1070,1061,2,2,2
U1070,1090,1,2,2
U1071,1001,1,0,1
U1071,1016,2,1,1
U1071,1030,2,1,2
U1071,1031,2,0,1
U1071,1045,0,0,0
U1071,1060,2,2,1
U1071,1061,1,2,1
U1071,1076,1,0,1
U1071,1086,0,0,0
U1071,1095,1,0,1
U1072,1002,2,2,2
U1072,1005,2,1,1
U1072,1010,1,2,1
U1072,1015,1,1,2
U1072,1016,1,1,2
U1072,1017,1,0,1
U1072,1019,1,0,0
U1072,1046,1,0,1
U1072,1068,1,0,1
U1072,1075,0,1,0
U1072,1093,1,0,1
U1073,1008,1,2,1
U1073,1016,2,2,2
U1073,1029,2,1,2
U1073,1031,2,2,2
U1073,1041,2,2,2
U1073,1057,2,2,1
U1073,1061,2,2,0
U1073,1076,1,2,1
U1073,1082,2,2,1
U1073,1093,1,2,1
U1074,1007,2,2,2
U1074,1015,2,2,2
U1074,1022,2,2,1
U1074,1031,1,2,1
U1074,1041,1,1,1
U1074,1055,1,1,0
U1074,1068,2,1,1
U1074,1077,1,2,1
U1074,1086,1,1,1
U1074,1091,2,2,2
U1075,1008,2,2,2
U1075,1014,1,1,1
U1075,1024,1,1,1
U1075,1036,1,1,1
U1075,1044,1,1,1
U1075,1054,1,1,1
U1075,1062,1,1,1
U1075,1076,1,1,1
U1075,1090,1,1,1
U1075,1095,1,1,1
U1076,1005,2,1,2
U1076,1012,1,0,1
U1076,1015,1,1,1
U1076,1032,1,2,2
U1076,1033,2,2,2
U1076,1037,1,1,1
U1076,1039,2,2,2
U1076,1057,1,1,1
U1076,1060,2,2,2
U1076,1061,2,2,1
U1076,1062,0,0,0
U1076,1064,1,2,1
U1076,1065,2,2,2
U1076,1072,2,2,2
U1076,1077,1,0,1
U1076,1089,0,1,1
U1076,1094,2,2,2
U1076,1095,2,2,1
U1077,1001,1,1,2
U1077,1007,2,2,2
U1077,1008,1,2,1
U1077,1009,0,1,0
U1077,1011,2,1,2
U1077,1020,2,2,2
U1077,1033,2,2,2
U1077,1035,1,1,1
U1077,1036,1,2,1
U1077,1039,1,1,1
U1077,1062,1,1,1
U1077,1069,1,0,1
U1078,1001,1,1,1
U1078,1020,2,1,1
U1078,1032,1,1,2
U1078,1045,2,1,2
U1078,1055,1,0,1
U1078,1061,2,2,2
U1078,1071,1,2,1
U1078,1083,1,2,2
U1078,1094,2,2,2
U1079,1001,1,1,1
U1079,1004,0,0,1
U1079,1007,2,2,2
U1079,1009,2,1,2
U1079,1012,1,1,0
U1079,1013,1,1,1
U1079,1016,1,1,2
U1079,1020,2,1,1
U1079,1021,1,1,1
U1079,1022,0,0,0
U1079,1030,2,1,2
U1079,1034,2,1,2
U1079,1035,1,1,0
U1079,1040,1,1,2
U1079,1042,0,1,0
U1079,1047,1,1,1
U1079,1050,1,2,1
U1079,1057,2,2,1
U1079,1060,1,1,1
U1079,1061,2,1,2
U1079,1063,1,1,1
U1079,1065,2,1,2
U1079,1071,1,1,2
U1079,1075,1,2,1
U1079,1082,1,1,1
U1079,1087,1,1,0
U1080,1001,1,1,2
U1080,1002,1,0,1
U1080,1003,1,1,0
U1080,1006,2,2,2
U1080,1007,1,2,1
U1080,1008,1,2,1
U1080,1009,1,1,0
U1080,1010,1,1,1
U1080,1011,1,1,2
U1080,1012,2,2,2
U1080,1013,1,2,1
U1080,1014,1,2,1
U1080,1015,1,2,1
U1080,1016,2,2,2
U1080,1017,2,2,2
U1080,1018,2,1,1
U1080,1019,2,1,1
U1080,1020,2,2,1
U1080,1021,2,2,2
U1080,1022,2,2,2
U1080,1023,1,1,1
U1080,1024,1,1,1
U1080,1025,2,1,2
U1080,1026,2,1,2
U1080,1031,2,2,1
U1080,1042,2,2,2
U1080,1051,1,2,1
U1080,1061,2,2,2
U1080,1071,2,2,2
U1080,1081,2,2,2
U1080,1091,1,1,2
U1081,1005,2,1,2
U1081,1011,2,1,1
U1081,1043,2,1,1
U1081,1076,1,0,1
U1081,1084,1,0,1
U1082,1001,1,1,1
U1082,1014,1,1,1
U1082,1029,1,1,1
U1082,1034,1,1,1
U1082,1050,1,1,1
U1082,1052,1,1,1
U1082,1061,2,2,2
U1082,1072,2,2,2
U1082,1081,1,1,1
U1082,1099,1,1,1
U1083,1009,1,1,1
U1083,1022,2,2,2
U1083,1035,1,0,1
U1083,1042,2,2,2
U1083,1052,2,2,1
U1083,1061,1,2,2
U1083,1072,2,1,2
U1083,1083,0,0,0
U1083,1093,2,2,2
U1084,1003,2,2,1
U1084,1019,1,2,1
U1084,1029,1,2,0
U1084,1033,1,1,1
U1084,1041,1,1,1
U1084,1057,1,2,2
U1084,1061,2,2,1
U1084,1071,2,2,1
U1084,1087,1,1,1
U1084,1094,2,2,2
U1085,1009,1,2,1
U1085,1039,2,2,2
U1085,1048,1,1,1
U1085,1057,1,1,2
U1085,1060,2,2,1
U1085,1061,1,1,1
U1085,1071,1,2,1
U1085,1072,1,1,1
U1085,1087,1,1,1
U1085,1094,2,1,1
U1085,1095,2,2,1
U1086,1001,1,1,1
U1086,1004,1,1,1
U1086,1009,2,2,2
U1086,1010,2,2,2
U1086,1012,1,1,0
U1086,1015,1,1,0
U1086,1019,2,2,2
U1086,1022,2,2,1
U1086,1027,1,1,0
U1086,1029,2,2,2
U1086,1030,0,0,0
U1086,1031,2,1,1
U1086,1032,2,2,1
U1086,1033,2,2,2
U1086,1034,2,2,2
U1086,1040,2,2,2
U1086,1057,2,2,2
U1086,1069,2,1,1
U1086,1071,2,2,2
U1086,1081,2,2,2
U1086,1094,2,2,2
U1087,1001,1,1,2
U1087,1005,2,2,2
U1087,1029,2,1,1
U1087,1033,2,1,1
U1087,1035,1,1,0
U1087,1041,2,1,1
U1087,1047,1,0,1
U1087,1058,2,1,1
U1087,1060,2,2,2
U1087,1069,2,1,1
U1087,1077,2,2,2
U1087,1092,1,1,0
U1088,1008,2,1,2
U1088,1009,1,1,0
U1088,1011,1,1,2
U1088,1012,1,1,2
U1088,1013,1,2,1
U1088,1016,1,1,1
U1088,1017,1,2,1
U1088,1022,2,1,2
U1088,1024,1,2,2
U1088,1026,1,1,2
U1088,1032,2,2,2
U1088,1033,2,2,2
U1088,1034,2,2,2
U1088,1081,1,2,1
U1089,1001,2,1,1
U1089,1005,1,2,2
U1089,1015,2,1,2
U1089,1027,1,1,1
U1089,1035,1,1,2
U1089,1038,1,2,1
U1089,1041,1,1,1
U1089,1057,2,2,2
U1089,1065,1,1,1
U1089,1072,1,2,1
U1089,1082,2,2,1
U1089,1099,2,1,2
U1090,1007,2,2,2
U1090,1009,2,2,2
U1090,1019,2,1,2
U1091,1007,2,2,2
U1091,1035,1,1,0
U1091,1036,1,1,1
U1091,1037,1,1,1
U1091,1041,2,2,2
U1091,1042,2,2,2
U1091,1057,0,0,0
U1091,1060,2,1,1
U1091,1061,1,1,1
U1091,1065,2,2,2
U1091,1077,1,1,0
U1091,1079,1,2,1
U1091,1086,2,2,2
U1091,1090,1,1,1
U1091,1095,1,1,1
U1092,1060,2,2,2
U1092,1061,2,2,2
U1092,1062,1,2,1
U1092,1064,1,1,1
U1092,1065,2,1,1
U1092,1068,1,1,1
U1092,1076,1,1,1
U1092,1089,1,1,1
U1093,1032,1,2,0
U1093,1046,2,1,1
U1093,1065,2,1,1
U1093,1073,1,1,1
U1093,1087,1,0,1
U1094,1007,2,2,2
U1094,1013,2,2,2
U1094,1033,2,1,2
U1094,1035,2,1,1
U1094,1060,2,2,2
U1094,1061,2,2,2
U1094,1078,0,0,0
U1094,1091,2,2,2
U1095,1005,2,1,2
U1095,1007,1,1,2
U1095,1008,1,0,0
U1095,1012,1,2,1
U1095,1019,1,1,1
U1095,1030,1,2,1
U1095,1031,2,1,2
U1095,1037,2,1,1
U1095,1039,1,1,1
U1095,1058,2,2,2
U1095,1060,2,2,2
U1095,1061,2,2,2
U1095,1062,1,0,1
U1095,1070,1,1,1
U1095,1071,2,2,1
U1095,1072,1,1,0
U1095,1076,1,1,1
U1095,1087,1,2,1
U1095,1090,2,2,2
U1095,1091,2,2,2
U1096,1007,2,2,2
U1096,1022,2,2,2
U1096,1038,2,2,2
U1096,1059,2,2,2
U1096,1061,1,1,1
U1096,1062,2,2,2
U1097,1009,2,2,2
U1097,1016,0,0,1
U1097,1019,2,2,2
U1097,1030,1,1,1
U1097,1031,2,2,2
U1097,1032,2,2,2
U1097,1035,2,2,2
U1097,1057,1,1,1
U1097,1061,1,1,1
U1097,1094,2,2,2
U1098,1001,1,1,1
U1098,1002,1,2,1
U1098,1003,1,2,2
U1098,1004,1,1,2
U1098,1005,2,1,2
U1098,1006,2,2,2
U1098,1007,2,1,2
U1098,1008,2,1,1
U1098,1011,1,2,1
U1098,1012,1,1,2
U1098,1014,1,2,2
U1098,1016,1,1,2
U1098,1019,2,2,2
U1098,1020,1,1,1
U1098,1022,2,1,1
U1099,1011,2,1,1
U1099,1012,1,2,2
U1099,1017,2,1,2
U1099,1020,2,1,1
U1099,1022,2,2,1
U1099,1045,2,2,1
U1099,1050,2,2,2
U1099,1053,1,2,2
U1099,1058,1,2,2
U1099,1060,2,2,1
U1099,1069,1,2,1
U1099,1081,1,2,2
U1099,1084,1,1,2
U1099,1091,2,1,1
U1099,1093,2,1,2
U1099,1095,1,1,1
U1100,1001,1,1,0
U1100,1001,2,2,2
U1100,1004,2,2,1
U1100,1007,2,1,2
U1100,1008,2,1,1
U1100,1009,2,2,2
U1100,1013,1,1,0
U1100,1015,2,2,2
U1100,1016,2,1,1
U1100,1029,1,2,1
U1100,1036,2,1,2
U1100,1039,2,2,2
U1100,1040,2,0,1
U1100,1047,2,1,2
U1100,1050,0,0,0
U1100,1051,2,1,1
U1100,1057,2,2,2
U1100,1058,2,1,1
U1100,1060,2,2,2
U1100,1061,1,2,2
U1100,1062,2,2,2
U1100,1064,2,1,2
U1100,1065,2,1,1
U1100,1070,1,2,1
U1100,1076,2,2,2
U1100,1077,2,1,2
U1100,1086,2,1,2
U1100,1090,1,2,1
U1101,1064,2,2,2
U1101,1035,1,1,0
U1101,1037,0,0,0
U1101,1049,1,0,1
U1101,1050,0,0,0
U1101,1057,2,2,2
U1101,1060,1,2,0
U1101,1064,0,0,0
U1102,1035,1,1,1
U1102,1042,2,1,2
U1102,1060,2,2,2
U1102,1061,2,2,2
U1102,1062,1,1,2
U1102,1064,1,1,2
U1102,1065,2,1,1
U1102,1090,2,2,2
U1102,1091,2,1,1
U1102,1094,2,1,1
U1103,1004,1,2,1
U1103,1019,2,2,2
U1103,1030,2,2,1
U1103,1032,2,2,2
U1103,1033,1,2,1
U1103,1034,2,1,2
U1103,1035,1,1,1
U1103,1039,2,2,2
U1103,1040,1,2,1
U1103,1048,1,1,1
U1103,1052,1,1,1
U1103,1060,2,2,2
U1103,1061,2,2,2
U1103,1071,2,2,2
U1103,1090,1,1,1
U1103,1094,2,2,2
U1104,1001,1,1,1
U1104,1002,1,1,1
U1104,1003,1,1,1
U1104,1005,1,1,1
U1104,1007,1,1,1
U1104,1009,2,1,1
U1104,1010,2,1,1
U1104,1011,1,1,1
U1104,1012,1,1,1
U1104,1014,1,1,1
U1104,1015,1,1,1
U1104,1019,2,1,1
U1104,1024,1,1,1
U1104,1025,1,1,1
U1104,1031,1,1,1
U1105,1001,1,1,1
U1105,1019,1,1,2
U1105,1026,1,0,1
U1105,1037,2,2,2
U1105,1049,1,1,1
U1105,1051,1,1,2
U1105,1061,1,1,2
U1105,1071,1,1,2
U1105,1082,1,1,2
U1105,1091,1,1,1
U1106,1007,1,1,1
U1106,1019,2,2,2
U1106,1029,1,1,1
U1106,1031,1,2,1
U1106,1032,0,0,0
U1106,1035,2,2,2
U1106,1039,1,1,1
U1106,1041,1,1,1
U1106,1042,2,2,2
U1106,1057,1,0,1
U1106,1061,1,1,1
U1106,1064,1,2,1
U1106,1071,1,2,1
U1106,1091,1,1,1
U1107,1001,1,2,1
U1107,1004,1,1,1
U1107,1015,2,2,2
U1107,1019,2,2,1
U1107,1031,2,2,2
U1107,1042,1,2,1
U1107,1060,1,1,1
U1107,1064,1,2,1
U1107,1072,1,1,1
U1107,1090,1,1,1
U1108,1001,2,2,2
U1108,1002,2,2,2
U1108,1003,2,2,2
U1108,1004,2,2,2
U1108,1005,2,2,2
U1108,1011,2,1,2
U1108,1013,1,1,2
U1108,1015,2,1,2
U1108,1031,2,1,2
U1108,1032,2,2,1
U1108,1033,2,1,1
U1108,1099,2,1,2
U1108,1100,1,0,2
U1109,1009,2,2,2
U1109,1014,2,2,2
U1109,1019,2,2,2
U1109,1031,2,2,2
U1109,1032,0,0,0
U1109,1034,1,1,1
U1109,1035,2,1,2
U1109,1039,2,2,2
U1109,1041,2,2,2
U1109,1042,2,2,2
U1109,1047,0,0,0
U1109,1061,2,2,2
U1109,1062,1,1,1
U1109,1064,2,2,2
U1109,1071,2,2,2
U1109,1094,2,2,2
U1109,1095,0,0,0
U1110,1032,0,0,2
U1110,1035,2,2,2
U1110,1039,2,1,2
U1110,1041,2,1,2
U1110,1057,1,1,1
U1110,1060,1,2,1
U1110,1064,2,1,1
U1110,1071,1,1,2
U1110,1087,2,2,2
U1110,1090,1,2,1
U1111,1004,1,1,0
U1111,1005,2,2,1
U1111,1006,2,2,1
U1111,1007,2,1,1
U1111,1009,2,2,2
U1111,1015,2,1,1
U1111,1017,2,0,2
U1112,1001,2,2,2
U1112,1002,2,2,2
U1112,1003,2,1,2
U1112,1007,2,1,1
U1112,1009,2,1,1
U1112,1016,2,1,2
U1112,1026,2,2,2
U1112,1031,2,2,2
U1112,1042,2,2,2
U1112,1055,2,2,2
U1112,1061,2,2,2
U1112,1071,2,1,2
U1112,1085,2,1,2
U1112,1091,2,2,2
U1112,1095,2,2,2
U1113,1016,2,1,1
U1113,1033,2,2,2
U1113,1035,1,1,1
U1113,1039,1,1,1
U1113,1042,2,2,2
U1113,1051,0,0,0
U1113,1052,2,2,2
U1113,1053,2,2,2
U1113,1056,2,2,2
U1113,1057,2,2,2
U1113,1058,2,2,2
U1113,1059,2,2,2
U1113,1062,1,1,1
U1113,1065,2,2,2
U1113,1066,2,1,1
U1113,1068,1,1,1
U1113,1071,2,2,2
U1113,1072,1,1,1
U1113,1073,2,2,2
U1113,1082,0,0,0
U1113,1094,0,0,0
U1113,1095,2,2,2
U1114,1004,1,1,1
U1114,1009,1,2,1
U1114,1019,2,2,1
U1114,1031,1,1,0
U1114,1032,1,1,1
U1114,1035,1,1,1
U1114,1039,1,1,1
U1114,1040,0,0,0
U1114,1041,1,1,1
U1114,1048,0,0,0
U1114,1057,1,1,2
U1114,1060,2,0,1
U1114,1062,1,1,1
U1114,1064,1,1,1
U1114,1071,1,1,2
U1114,1087,1,1,1
U1114,1090,0,0,0
U1114,1095,0,0,1
U1115,1003,0,1,1
U1115,1004,2,1,1
U1115,1007,2,2,2
U1115,1008,1,1,1
U1115,1009,1,1,0
U1115,1060,2,2,2
U1115,1077,2,2,2
U1115,1081,2,1,2
U1115,1082,1,1,2
U1115,1084,2,1,1
U1116,1001,2,2,1
U1116,1002,1,1,1
U1116,1003,2,2,2
U1116,1004,2,2,1
U1116,1005,2,2,2
U1116,1006,2,1,2
U1116,1007,1,1,1
U1116,1009,1,1,1
U1116,1010,1,1,1
U1116,1013,2,2,2
U1116,1095,2,2,2
U1117,1033,1,1,1
U1117,1039,1,1,1
U1117,1042,2,2,1
U1117,1060,1,1,1
U1117,1061,1,2,1
U1117,1072,1,2,1
U1117,1094,1,2,0
U1117,1095,1,1,0
U1118,1001,1,1,1
U1118,1004,2,1,2
U1118,1005,2,1,1
U1118,1006,1,1,2
U1118,1007,2,1,2
U1118,1008,2,1,0
U1118,1010,2,1,2
U1118,1011,1,1,2
U1118,1012,2,1,2
U1118,1013,2,2,2
U1118,1019,2,2,2
U1118,1029,2,1,2
U1118,1031,2,1,1
U1118,1032,2,2,2
U1118,1034,2,1,2
U1118,1041,1,1,1
U1118,1043,2,2,1
U1118,1048,2,1,2
U1118,1051,2,2,1
U1118,1052,2,2,1
U1118,1057,2,2,2
U1118,1061,2,1,1
U1118,1062,2,1,1
U1118,1065,2,2,2
U1118,1071,2,2,1
U1118,1074,2,1,2
U1118,1081,2,2,2
U1118,1086,1,1,2
U1118,1089,1,0,0
U1118,1094,2,2,2
U1119,1007,2,2,2
U1119,1009,2,2,2
U1119,1010,2,2,2
U1119,1019,2,2,2
U1119,1030,2,2,2
U1120,1010,2,2,2
U1120,1035,0,0,0
U1120,1037,0,0,0
U1120,1039,1,1,1
U1121,1007,1,2,2
U1121,1013,2,2,2
U1121,1029,2,2,2
U1121,1031,1,2,2
U1121,1042,2,2,2
U1121,1060,1,2,2
U1121,1061,1,2,2
U1121,1071,1,2,2
U1121,1087,2,2,2
U1121,1091,2,2,2
U1122,1001,1,1,1
U1122,1002,1,1,1
U1122,1003,1,1,1
U1122,1004,1,1,1
U1122,1005,1,1,1
U1122,1008,1,1,1
U1123,1001,2,2,2
U1123,1002,1,1,1
U1123,1003,2,2,2
U1123,1011,2,2,2
U1123,1035,2,2,2
U1123,1037,2,2,2
U1123,1038,2,2,2
U1123,1044,2,2,2
U1123,1047,2,2,2
U1123,1048,2,2,2
U1123,1058,2,2,2
U1123,1059,2,2,2
U1123,1060,1,2,2
U1123,1061,2,2,2
U1123,1064,2,2,2
U1123,1070,2,2,2
U1123,1076,2,2,2
U1123,1080,2,2,2
U1123,1090,2,2,2
U1124,1007,1,1,2
U1124,1033,2,2,2
U1124,1035,2,1,2
U1124,1037,1,1,1
U1124,1039,1,0,1
U1124,1057,2,2,1
U1124,1060,2,2,2
U1124,1061,2,2,2
U1124,1063,1,1,1
U1124,1066,2,2,2
U1124,1069,2,1,2
U1124,1071,2,2,2
U1124,1072,2,2,2
U1124,1076,1,2,1
U1124,1082,1,1,1
U1124,1090,2,2,2
U1124,1092,1,1,2
U1124,1095,2,2,2
U1125,1001,2,2,2
U1125,1006,2,2,2
U1125,1007,1,1,2
U1125,1019,1,1,2
U1125,1021,1,1,2
U1125,1029,2,2,2
U1125,1031,2,2,2
U1125,1033,2,2,2
U1125,1035,2,2,2
U1125,1039,1,1,1
U1125,1048,1,1,1
U1125,1057,2,2,2
U1125,1060,2,2,2
U1125,1061,2,2,2
U1125,1069,1,0,1
U1125,1071,1,2,1
U1125,1083,2,2,2
U1125,1090,1,1,1
U1125,1095,2,2,2
U1126,1001,1,1,1
U1126,1013,1,1,2
U1126,1022,1,2,1
U1126,1032,2,2,2
U1126,1050,2,2,2
U1126,1058,1,1,1
U1126,1065,2,2,2
U1126,1071,2,2,2
U1126,1087,2,2,2
U1126,1095,1,2,1
U1127,1007,2,1,2
U1127,1008,1,1,1
U1127,1032,2,2,2
U1127,1035,2,2,1
U1127,1037,1,1,1
U1127,1039,2,2,1
U1127,1048,2,2,2
U1127,1050,2,2,2
U1127,1058,2,1,2
U1127,1060,1,2,1
U1127,1071,2,2,2
U1127,1089,2,2,2
U1127,1090,2,1,1
U1127,1095,2,1,1
U1128,1001,1,1,1
U1128,1004,2,2,2
U1128,1007,2,2,2
U1128,1008,2,2,2
U1128,1009,2,2,2
U1128,1015,2,2,2
U1128,1016,1,1,1
U1128,1019,2,2,2
U1128,1033,2,2,2
U1128,1035,2,2,1
U1128,1039,2,2,2
U1128,1042,2,2,1
U1128,1050,2,2,2
U1128,1058,2,2,2
U1128,1060,2,2,2
U1128,1061,2,2,1
U1128,1062,1,1,1
U1128,1064,0,0,0
U1128,1065,2,2,1
U1129,1001,2,1,2
U1129,1002,1,2,1
U1129,1005,1,2,2
U1129,1013,2,1,1
U1129,1043,1,0,1
U1129,1057,1,2,1
U1129,1068,2,2,2
U1129,1071,2,2,2
U1129,1089,2,1,0
U1130,1004,1,1,1
U1130,1005,1,1,1
U1130,1007,2,2,2
U1130,1009,1,2,1
U1130,1010,1,1,1
U1130,1016,1,0,1
U1130,1018,1,1,1
U1130,1019,2,2,1
U1130,1033,2,2,2
U1130,1035,1,1,1
U1130,1039,1,0,0
U1130,1040,2,2,2
U1130,1042,2,2,2
U1130,1047,1,1,1
U1130,1072,2,2,2
U1130,1077,2,2,2
U1130,1080,0,0,0
U1131,1004,2,2,1
U1131,1007,2,2,2
U1131,1035,1,1,1
U1131,1040,2,1,1
U1131,1042,2,2,2
U1131,1058,1,1,1
U1131,1061,2,1,1
U1131,1095,2,2,2
U1132,1006,2,2,2
U1132,1019,1,1,1
U1132,1029,2,2,2
U1132,1032,2,2,2
U1132,1050,2,2,2
U1132,1058,1,1,1
U1132,1076,2,2,2
U1132,1087,2,2,2
U1133,1004,2,2,2
U1133,1009,2,2,2
U1133,1019,2,2,2
U1133,1022,2,2,2
U1133,1042,2,2,2
U1133,1057,2,2,2
U1133,1064,2,2,2
U1133,1071,2,2,2
U1133,1089,2,2,2
U1134,1001,1,1,1
U1134,1002,1,1,1
U1134,1003,1,1,1
U1134,1005,1,1,1
U1134,1006,2,2,2
U1134,1007,2,2,2
U1134,1008,2,2,2
U1134,1014,1,2,1
U1134,1019,1,2,2
U1134,1021,1,2,2
U1134,1022,2,2,2
U1134,1028,1,1,2
U1134,1036,1,2,2
U1134,1037,1,2,2
U1134,1038,1,2,2
U1134,1064,2,2,2
U1134,1068,2,2,2
U1135,1007,1,2,1
U1135,1010,2,2,2
U1135,1016,1,1,1
U1135,1033,2,2,2
U1135,1039,1,1,1
U1135,1047,1,1,1
U1135,1048,1,1,1
U1135,1050,2,2,2
U1135,1052,0,1,1
U1135,1064,2,2,2
U1135,1087,2,1,1
U1135,1097,2,2,1
U1136,1001,1,1,1
U1136,1016,1,1,1
U1136,1035,1,2,1
U1136,1047,2,2,2
U1136,1060,2,2,2
U1136,1061,1,1,2
U1136,1071,1,1,0
U1136,1086,1,2,1
U1136,1094,2,2,2
U1137,1007,1,1,1
U1137,1016,1,1,1
U1137,1033,2,2,1
U1137,1039,1,2,1
U1137,1047,1,1,1
U1137,1050,2,2,1
U1137,1060,2,2,2
U1137,1061,2,2,1
U1137,1064,2,2,2
U1137,1068,1,1,1
U1137,1087,2,2,1
U1138,1004,1,1,2
U1138,1006,2,2,1
U1138,1007,1,2,2
U1138,1016,1,1,1
U1138,1027,2,1,1
U1138,1033,2,2,2
U1138,1047,2,2,1
U1138,1057,2,1,1
U1138,1058,2,2,1
U1138,1076,1,1,1
U1138,1087,2,2,2
U1139,1001,1,2,2
U1139,1047,2,2,2
U1139,1048,2,2,2
U1139,1052,0,0,0
U1139,1064,2,2,2
U1139,1097,2,2,2
U1140,1006,1,1,1
U1140,1016,1,1,1
U1140,1017,2,2,2
U1140,1033,2,2,2
U1140,1037,1,1,2
U1140,1039,2,2,2
U1140,1048,1,1,1
U1140,1050,2,2,2
U1140,1063,2,1,1
U1140,1097,2,2,2
U1141,1001,1,1,1
U1141,1002,1,1,1
U1141,1004,1,1,1
U1141,1012,2,2,2
U1141,1013,2,2,1
U1141,1014,2,2,1
U1141,1015,2,1,1
U1141,1026,2,2,2
U1141,1027,2,2,2
U1142,1001,2,2,2
U1142,1003,2,2,2
U1142,1006,1,2,1
U1142,1015,0,0,1
U1142,1022,0,0,0
U1142,1035,2,2,2
U1142,1039,2,2,2
U1142,1048,2,2,2
U1142,1062,0,1,0
U1142,1072,1,1,1
U1142,1087,1,1,2
U1142,1097,1,1,1
U1143,1001,2,2,2
U1143,1003,1,2,1
U1143,1004,1,1,1
U1143,1006,2,2,1
U1143,1007,2,2,2
U1143,1009,1,1,1
U1143,1016,1,1,1
U1143,1029,1,2,2
U1143,1035,2,2,1
U1143,1039,2,2,2
U1143,1048,2,2,2
U1144,1001,1,2,2
U1144,1011,1,0,2
U1144,1022,2,2,2
U1144,1031,1,2,2
U1144,1041,1,2,1
U1144,1053,1,2,1
U1144,1061,2,2,2
U1144,1071,1,1,1
U1144,1081,0,0,0
U1144,1094,1,1,2
U1145,1001,1,1,1
U1145,1002,1,1,1
U1145,1005,1,1,1
U1145,1006,1,1,1
U1145,1047,1,2,1
U1145,1083,1,2,2
U1146,1001,2,2,2
U1146,1019,2,2,2
U1146,1023,0,1,1
U1146,1029,2,1,2
U1146,1035,2,2,2
U1146,1038,2,2,2
U1146,1047,2,2,2
U1146,1057,2,2,2
U1146,1061,2,2,2
U1146,1071,1,1,1
U1146,1086,2,2,2
U1147,1001,1,2,2
U1147,1002,2,1,1
U1147,1003,1,1,2
U1147,1004,2,2,2
U1147,1005,1,1,2
U1147,1006,2,1,2
U1147,1007,2,2,1
U1147,1008,1,2,2
U1147,1009,2,1,2
U1147,1024,2,1,1
U1147,1033,2,1,2
U1147,1039,2,2,1
U1147,1043,2,1,1
U1147,1047,2,2,1
U1147,1051,2,1,2
U1147,1057,1,2,2
U1147,1060,2,2,1
U1147,1064,2,2,2
U1147,1071,2,2,2
U1147,1072,1,2,2
U1147,1073,2,1,1
U1147,1082,2,1,2
U1147,1083,1,1,1
U1147,1091,1,2,2
U1147,1092,2,1,2
U1147,1093,2,1,2
U1147,1094,2,2,2
U1148,1001,2,2,2
U1148,1010,2,2,2
U1148,1012,2,2,2
U1148,1014,2,2,2
U1148,1021,2,2,2
U1148,1023,2,2,2
U1148,1032,2,2,2
U1148,1043,2,2,2
U1148,1049,2,2,2
U1148,1051,2,2,2
U1148,1054,2,2,2
U1148,1070,2,2,2
U1148,1071,2,2,1
U1148,1080,2,2,2
U1149,1001,2,2,2
U1149,1014,2,2,2
U1149,1029,2,2,2
U1149,1040,2,2,2
U1149,1044,2,2,2
U1149,1060,2,2,2
U1149,1063,2,1,1
U1149,1080,2,2,2
U1149,1089,2,2,2
U1149,1092,2,2,2
U1150,1001,2,2,1
U1150,1002,1,1,2
U1150,1003,1,0,1
U1150,1004,2,1,0
U1150,1005,2,1,2
U1150,1011,1,1,2
U1150,1012,1,1,2
U1150,1013,2,1,1
U1150,1020,1,1,2
U1150,1021,1,2,2
U1150,1026,1,1,2
U1150,1027,2,2,2
U1150,1029,2,2,1
U1150,1032,1,2,2
U1150,1041,1,2,2
U1150,1044,1,1,2
U1150,1051,1,1,2
U1150,1055,1,1,2
U1150,1062,2,2,1
U1150,1064,1,1,2
U1150,1068,1,2,1
U1150,1071,2,2,1
U1150,1098,1,1,0
U1151,1001,2,2,2
U1151,1013,2,1,2
U1151,1022,2,2,2
U1151,1040,2,2,2
U1151,1047,1,1,2
U1151,1059,2,2,2
U1151,1061,2,2,2
U1151,1077,1,1,2
U1151,1086,1,2,2
U1151,1095,1,1,1
U1152,1001,2,2,2
U1152,1032,0,1,1
U1152,1042,1,1,2
U1152,1051,2,1,1
U1152,1061,2,1,1
U1153,1001,1,1,2
U1153,1002,2,1,2
U1153,1010,1,1,0
U1153,1020,1,1,2
U1153,1022,2,2,2
U1153,1029,2,2,2
U1153,1033,2,1,2
U1153,1035,1,1,1
U1153,1039,2,2,1
U1153,1057,2,2,2
U1153,1058,0,0,0
U1153,1060,2,2,1
U1153,1061,2,2,1
U1153,1068,2,1,1
U1153,1073,1,1,1
U1153,1077,2,2,2
U1153,1079,2,1,2
U1153,1083,1,1,1
U1153,1095,1,1,1
U1154,1003,1,1,1
U1154,1030,1,2,2
U1154,1033,2,2,2
U1154,1039,2,2,2
U1154,1041,2,2,2
U1154,1048,1,2,2
U1154,1057,2,2,2
U1154,1071,2,2,2
U1154,1090,1,2,1
U1154,1095,2,1,1
U1155,1001,1,2,1
U1155,1002,1,0,1
U1155,1003,1,2,1
U1155,1004,1,2,1
U1155,1012,1,2,1
U1155,1019,1,2,1
U1155,1035,1,2,1
U1155,1037,1,2,2
U1155,1043,1,2,1
U1155,1049,1,1,1
U1155,1051,2,2,2
U1155,1054,2,2,2
U1155,1060,2,2,2
U1155,1062,2,2,2
U1155,1071,2,2,2
U1155,1072,2,2,2
U1155,1077,2,2,2
U1155,1086,2,2,2
U1156,1005,2,2,1
U1157,1001,1,1,1
U1157,1012,1,1,1
U1157,1030,1,1,1
U1157,1037,1,1,1
U1157,1041,1,1,1
U1157,1058,1,1,1
U1157,1061,1,2,1
U1157,1071,1,2,2
U1157,1090,1,1,1
U1157,1099,1,1,1
U1158,1015,2,1,1
U1158,1020,1,2,1
U1158,1037,2,2,2
U1158,1091,1,1,1
U1158,1094,2,2,2
U1159,1007,2,1,2
U1159,1059,1,1,1
U1159,1060,2,1,1
U1159,1061,2,2,2
U1159,1062,1,2,1
U1159,1063,2,1,2
U1159,1076,2,1,2
U1159,1091,2,2,2
U1160,1050,2,2,2
U1160,1095,2,2,1
U1161,1005,2,2,2
U1161,1016,2,2,2
U1161,1033,2,2,2
U1161,1050,2,2,2
U1161,1060,2,2,2
U1161,1061,2,2,2
U1161,1087,2,2,2
U1162,1001,1,1,1
U1162,1004,2,1,2
U1162,1007,2,1,2
U1162,1009,2,2,2
U1162,1010,2,2,2
U1162,1033,2,2,2
U1162,1035,1,1,1
U1162,1036,1,1,1
U1162,1039,1,2,1
U1162,1050,2,1,2
U1162,1060,1,2,1
U1162,1061,1,1,1
U1162,1072,2,2,2
U1162,1094,2,2,2
U1163,1007,1,1,1
U1163,1035,1,1,1
U1163,1047,1,2,1
U1163,1060,2,2,2
U1163,1061,1,2,2
U1163,1063,1,1,1
U1163,1064,0,0,0
U1163,1065,2,2,1
U1163,1068,1,1,0
U1163,1090,2,2,1
U1164,1002,1,1,1
U1164,1013,1,1,1
U1164,1023,1,1,1
U1164,1036,1,1,1
U1164,1041,1,1,1
U1164,1051,1,1,1
U1164,1061,1,1,1
U1164,1071,2,2,2
U1164,1082,2,2,2
U1164,1091,2,2,2
U1165,1001,2,2,1
U1165,1016,2,2,2
U1165,1029,2,2,2
U1165,1035,1,1,1
U1165,1036,2,2,2
U1165,1037,2,2,2
U1165,1042,2,2,2
U1165,1051,0,0,0
U1165,1064,1,1,1
U1165,1065,0,0,1
U1165,1071,2,2,2
U1165,1076,1,0,1
U1165,1079,2,2,2
U1165,1087,2,2,2
U1165,1094,2,2,2
U1166,1001,2,1,1
U1166,1002,1,1,1
U1166,1043,2,0,2
U1166,1061,2,0,2
U1166,1072,0,2,2
U1166,1083,2,0,1
U1166,1092,2,1,1
U1167,1010,2,2,2
U1167,1012,1,1,1
U1167,1022,2,2,2
U1167,1027,2,2,2
U1167,1028,2,2,2
U1167,1029,2,2,2
U1167,1030,2,2,2
U1167,1031,2,2,2
U1167,1032,2,2,2
U1167,1033,2,2,2
U1167,1035,2,2,2
U1168,1009,2,2,2
U1168,1010,2,2,2
U1168,1015,1,1,1
U1168,1016,1,2,1
U1168,1033,1,1,2
U1168,1035,1,1,1
U1168,1037,1,1,1
U1168,1049,1,1,1
U1168,1050,2,2,2
U1168,1057,2,2,2
U1168,1058,2,2,2
U1168,1059,1,1,1
U1168,1060,1,2,1
U1168,1061,1,1,2
U1168,1063,1,1,1
U1168,1064,1,1,2
U1168,1065,2,1,1
U1168,1068,1,1,1
U1168,1069,2,2,2
U1168,1076,2,2,2
U1168,1077,2,2,2
U1168,1079,0,0,1
U1168,1100,1,1,1
U1169,1008,2,1,2
U1169,1020,2,2,2
U1169,1030,2,1,2
U1169,1031,1,2,1
U1169,1041,1,2,1
U1169,1051,1,2,1
U1169,1061,2,1,2
U1169,1073,2,1,1
U1169,1085,2,1,1
U1169,1091,1,2,1
U1170,1001,1,1,2
U1170,1008,2,2,2
U1170,1009,2,2,2
U1170,1010,1,2,2
U1170,1030,1,2,1
U1170,1033,2,1,2
U1170,1035,2,2,2
U1170,1036,2,2,2
U1170,1038,1,2,1
U1170,1045,1,2,1
U1170,1061,2,2,2
U1170,1071,2,2,2
U1170,1097,2,1,2
U1171,1001,1,1,1
U1171,1005,1,1,0
U1171,1007,1,1,2
U1171,1009,2,1,1
U1171,1010,2,2,1
U1171,1011,2,2,0
U1171,1012,0,1,0
U1171,1013,1,1,0
U1171,1014,1,2,1
U1171,1015,1,0,0
U1171,1033,1,1,0
U1171,1035,1,1,1
U1171,1038,1,1,1
U1171,1048,1,1,1
U1171,1051,1,1,2
U1171,1058,2,2,2
U1171,1060,2,2,2
U1171,1061,2,2,2
U1171,1062,1,1,1
U1171,1063,2,1,1
U1171,1064,1,2,1
U1171,1065,2,2,1
U1171,1075,1,1,2
U1171,1087,2,2,2
U1172,1001,2,1,1
U1172,1002,2,1,1
U1172,1003,2,1,1
U1172,1004,1,1,1
U1172,1005,2,1,1
U1172,1008,2,1,1
U1172,1010,2,2,1
U1172,1018,1,1,1
U1172,1019,1,1,1
U1173,1001,1,1,2
U1173,1014,1,1,0
U1173,1025,1,1,2
U1173,1037,1,1,2
U1173,1044,1,2,1
U1173,1047,2,1,2
U1173,1060,1,1,2
U1173,1061,2,2,2
U1173,1072,1,2,2
U1173,1086,1,1,1
U1173,1094,2,2,2
U1174,1010,1,1,1
U1174,1012,1,1,1
U1174,1014,1,1,1
U1174,1023,1,1,1
U1174,1026,1,2,1
U1174,1033,1,1,2
U1174,1047,2,2,2
U1174,1051,2,2,2
U1174,1062,2,2,1
U1174,1073,2,2,1
U1174,1082,1,1,1
U1174,1091,1,1,1
U1174,1097,1,1,1
U1175,1001,1,1,1
U1175,1008,1,2,1
U1175,1010,1,2,2
U1175,1012,2,2,0
U1175,1014,1,2,1
U1175,1015,1,1,2
U1175,1019,1,1,1
U1175,1021,1,1,1
U1175,1023,1,2,1
U1175,1025,1,1,1
U1175,1029,1,1,1
U1175,1070,1,2,1
U1176,1001,2,2,2
U1176,1004,2,2,2
U1176,1005,1,2,1
U1176,1008,2,2,2
U1176,1009,2,1,2
U1176,1010,2,2,2
U1176,1015,2,2,2
U1176,1020,2,2,2
U1176,1029,2,2,2
U1176,1033,2,2,2
U1176,1037,2,2,2
U1176,1038,2,2,2
U1176,1044,2,2,2
U1176,1052,2,2,2
U1176,1061,2,2,2
U1176,1074,2,2,2
U1176,1082,2,2,2
U1176,1094,2,2,2
U1177,1004,2,2,2
U1177,1019,1,2,2
U1177,1028,1,1,1
U1177,1031,1,2,2
U1177,1042,2,2,2
U1177,1060,2,2,2
U1177,1061,2,2,2
U1177,1077,2,2,2
U1177,1087,1,1,1
U1177,1094,1,1,1
U1178,1001,2,0,2
U1178,1012,2,1,2
U1178,1023,2,1,2
U1178,1037,2,1,2
U1178,1044,1,1,2
U1178,1056,1,2,2
U1178,1069,2,1,1
U1178,1079,2,1,2
U1178,1089,1,2,2
U1178,1100,1,1,2
U1179,1006,2,2,2
U1179,1016,2,2,2
U1179,1022,2,1,1
U1179,1035,2,2,2
U1179,1047,2,1,1
U1179,1060,2,2,2
U1179,1061,2,2,2
U1179,1074,2,1,2
U1179,1087,2,2,2
U1179,1095,2,2,2
U1180,1003,1,1,1
U1180,1015,2,2,2
U1180,1022,1,1,1
U1180,1035,2,2,2
U1180,1047,1,2,1
U1180,1060,2,2,2
U1180,1061,2,2,2
U1180,1062,2,2,2
U1180,1065,1,2,1
U1180,1077,1,2,1
U1180,1087,2,2,2
U1180,1090,2,1,1
U1180,1091,2,2,2
U1180,1095,2,1,2
U1181,1001,2,2,2
U1181,1010,1,1,1
U1181,1027,1,1,1
U1181,1033,2,2,2
U1181,1035,1,2,1
U1181,1037,1,2,1
U1181,1048,1,1,1
U1181,1052,1,1,1
U1181,1058,1,2,1
U1181,1062,1,1,1
U1181,1074,1,1,1
U1181,1090,1,1,1
U1182,1004,1,1,1
U1182,1008,2,2,2
U1182,1010,1,1,1
U1182,1015,1,1,1
U1182,1057,1,1,1
U1182,1060,1,1,1
U1182,1064,1,1,1
U1182,1087,1,2,1
U1182,1095,1,1,1
U1183,1001,1,1,1
U1183,1002,1,0,0
U1183,1003,1,1,0
U1183,1004,0,1,0
U1183,1005,2,1,0
U1183,1008,1,2,1
U1183,1009,1,2,1
U1183,1010,1,1,0
U1184,1001,1,1,1
U1184,1002,1,1,1
U1184,1003,1,1,1
U1184,1005,1,1,1
U1184,1015,1,1,1
U1184,1028,1,1,1
U1184,1038,1,1,1
U1184,1057,1,1,1
U1185,1001,2,1,1
U1185,1002,1,1,1
U1185,1003,2,1,0
U1185,1004,0,1,2
U1185,1005,1,2,1
U1185,1006,1,2,2
U1185,1007,1,1,1
U1185,1008,2,2,2
U1185,1010,2,2,2
U1185,1013,1,2,1
U1185,1014,1,1,1
U1185,1016,2,2,2
U1185,1017,2,2,2
U1185,1030,1,1,1
U1186,1006,2,2,2
U1186,1010,2,2,2
U1186,1033,2,2,2
U1186,1035,2,2,1
U1186,1039,2,2,2
U1186,1042,2,2,2
U1186,1048,2,2,2
U1186,1050,2,2,2
U1186,1061,2,2,2
U1186,1071,2,2,2
U1186,1094,2,2,2
U1186,1095,2,2,2
U1187,1001,2,1,1
U1187,1002,1,1,1
U1187,1003,1,1,1
U1187,1004,2,1,2
U1187,1005,2,1,2
U1187,1006,2,1,1
U1187,1007,2,2,2
U1187,1008,2,1,2
U1187,1009,2,1,1
U1187,1010,2,1,1
U1188,1001,1,1,1
U1188,1003,1,1,1
U1188,1004,1,1,1
U1188,1009,1,1,1
U1188,1018,1,1,1
U1188,1043,1,1,1
U1188,1059,1,1,1
U1188,1082,1,1,1
U1189,1001,1,1,1
U1189,1011,1,1,1
U1189,1025,1,0,1
U1189,1044,1,2,0
U1189,1056,0,0,0
U1189,1069,1,0,0
U1189,1100,1,1,0
U1190,1001,1,2,1
U1190,1012,2,2,1
U1190,1028,1,1,1
U1190,1033,1,1,0
U1190,1047,1,1,1
U1190,1051,1,1,1
U1190,1065,2,2,1
U1190,1077,2,2,2
U1190,1085,0,0,0
U1190,1097,1,1,1
U1191,1007,1,2,2
U1191,1042,1,2,1
U1191,1060,1,1,2
U1191,1061,1,1,2
U1191,1087,1,1,1
U1191,1094,1,1,2
U1192,1001,1,2,2
U1192,1002,0,2,2
U1192,1004,1,2,2
U1192,1005,2,1,2
U1192,1006,2,1,2
U1192,1007,2,2,1
U1192,1010,2,2,1
U1192,1011,1,1,2
U1192,1012,2,2,1
U1192,1013,1,1,2
U1192,1014,2,1,2
U1192,1015,2,2,1
U1192,1016,1,1,1
U1192,1017,1,2,2
U1192,1018,2,1,2
U1192,1019,2,1,2
U1192,1020,2,2,2
U1193,1001,1,1,1
U1193,1003,1,1,1
U1193,1004,1,1,1
U1193,1007,2,2,2
U1193,1009,2,2,2
U1193,1010,2,2,2
U1193,1011,2,2,2
U1193,1021,2,2,2
U1193,1029,2,2,2
U1193,1031,0,1,0
U1193,1033,2,2,2
U1193,1039,2,2,2
U1193,1042,2,2,2
U1193,1049,1,1,1
U1193,1057,2,2,2
U1193,1059,1,1,1
U1193,1060,2,2,2
U1193,1061,2,2,2
U1193,1062,1,1,1
U1193,1064,2,2,2
U1193,1065,2,2,2
U1193,1068,1,1,1
U1193,1071,2,2,2
U1193,1072,1,1,1
U1193,1075,1,1,1
U1193,1077,2,2,2
U1193,1079,2,2,2
U1193,1087,2,2,2
U1193,1094,1,1,1
U1193,1099,2,2,2
U1194,1004,1,1,1
U1194,1005,1,2,1
U1194,1006,2,2,2
U1194,1007,2,1,1
U1194,1009,1,1,1
U1194,1010,1,1,1
U1194,1033,1,2,1
U1194,1058,2,1,2
U1194,1060,2,2,1
U1194,1061,1,2,1
U1194,1064,0,0,0
U1194,1077,1,2,1
U1194,1086,1,1,0
U1194,1094,1,2,1
U1195,1001,2,2,2
U1195,1002,2,2,1
U1195,1003,2,1,2
U1195,1004,2,1,2
U1195,1011,2,1,2
U1195,1014,2,1,2
U1195,1015,1,1,2
U1195,1037,2,1,1
U1195,1041,2,2,2
U1195,1042,2,1,2
U1195,1047,2,1,1
U1195,1048,1,2,0
U1195,1049,2,1,2
U1195,1052,2,1,2
U1195,1057,2,1,2
U1195,1059,2,1,2
U1195,1061,2,2,2
U1195,1062,2,2,2
U1195,1066,1,0,1
U1195,1071,2,2,2
U1195,1072,2,1,0
U1195,1074,2,1,2
U1195,1081,2,1,2
U1195,1083,2,1,2
U1195,1086,2,1,2
U1195,1090,2,1,2
U1195,1092,2,1,2
U1195,1095,2,1,2
U1196,1001,0,1,2
U1196,1011,0,1,2
U1196,1021,2,1,1
U1196,1040,2,2,2
U1196,1050,2,2,2
U1196,1051,2,2,2
U1196,1065,2,1,2
U1196,1071,0,1,2
U1196,1081,1,2,2
U1196,1091,1,2,1
U1197,1001,1,1,1
U1197,1004,1,1,1
U1197,1006,2,2,2
U1197,1007,2,2,2
U1197,1009,2,2,2
U1197,1015,1,1,1
U1197,1016,1,1,1
U1197,1029,1,1,0
U1197,1033,2,2,2
U1197,1035,2,1,1
U1197,1036,2,2,1
U1197,1037,1,1,1
U1197,1039,2,2,2
U1197,1042,2,2,2
U1197,1047,2,1,1
U1197,1049,2,2,1
U1197,1050,1,2,1
U1197,1058,2,2,2
U1197,1059,1,1,1
U1197,1060,2,2,0
U1197,1061,2,2,1
U1197,1062,2,2,1
U1197,1063,2,1,1
U1197,1064,2,1,2
U1197,1065,1,1,2
U1197,1067,1,1,1
U1197,1068,1,1,1
U1197,1071,1,0,0
U1197,1075,1,1,1
U1197,1076,2,2,2
U1197,1079,2,2,2
U1197,1080,2,2,2
U1197,1087,2,1,1
U1197,1091,2,2,2
U1197,1097,2,1,1
U1198,1002,1,1,1
U1198,1004,1,1,1
U1198,1018,1,1,1
U1198,1027,1,1,0
U1198,1053,1,0,1
U1198,1069,1,0,2
U1198,1076,1,1,2
U1198,1085,2,2,2
U1199,1001,1,1,1
U1199,1042,1,1,1
U1199,1051,1,1,1
U1199,1055,1,1,1
U1199,1059,2,2,2
U1199,1060,1,1,1
U1199,1061,1,1,1
U1199,1063,1,1,1
U1199,1065,0,0,0
U1199,1067,1,1,1
U1199,1068,2,2,2
U1199,1071,1,1,1
U1199,1076,1,1,1
U1199,1077,1,1,1
U1199,1082,1,1,1
U1199,1091,1,1,1
U1199,1093,2,2,2
U1200,1007,2,2,2
U1200,1008,2,1,1
U1200,1009,2,2,2
U1200,1015,0,0,0
U1200,1030,1,1,1
U1200,1033,1,1,1
U1200,1042,2,2,2
U1200,1049,1,1,1
U1200,1050,2,1,2
U1200,1053,2,2,2
U1200,1058,0,0,0
U1200,1061,2,1,2
U1200,1068,1,1,1
U1200,1074,1,1,1
U1200,1086,1,0,1
U1200,1087,0,0,0
U1200,1091,2,2,2
U1201,1006,2,2,1
U1201,1015,1,1,1
U1201,1025,1,1,1
U1201,1038,1,1,1
U1201,1047,2,1,1
U1201,1058,2,1,1
U1201,1061,2,2,2
U1201,1076,1,1,1
U1201,1081,1,1,1
U1201,1100,1,1,1
U1202,1001,2,1,1
U1202,1008,2,1,2
U1202,1017,1,0,1
U1202,1027,1,0,0
U1202,1045,1,1,1
U1202,1067,1,2,1
U1202,1073,1,0,2
U1202,1085,2,1,0
U1202,1098,1,1,0
U1203,1010,2,2,2
U1203,1012,1,1,1
U1203,1029,2,2,2
U1203,1037,1,1,2
U1203,1042,2,2,2
U1203,1052,2,2,1
U1203,1061,2,2,2
U1203,1071,2,2,2
U1203,1087,2,2,2
U1203,1094,2,2,2
U1204,1016,0,1,1
U1204,1023,2,0,2
U1204,1026,1,1,1
U1204,1041,0,0,0
U1204,1042,1,1,1
U1204,1051,0,1,1
U1204,1061,1,1,1
U1204,1068,2,2,2
U1204,1071,1,1,1
U1204,1073,2,1,1
U1204,1081,0,1,1
U1204,1085,0,0,0
U1204,1091,2,1,1
U1204,1096,0,0,0
U1205,1001,1,2,1
U1205,1007,2,2,2
U1205,1016,1,1,0
U1205,1022,1,1,1
U1205,1037,1,0,1
U1205,1050,1,1,0
U1205,1058,1,1,0
U1205,1060,2,2,1
U1205,1061,1,2,2
U1205,1062,1,0,1
U1205,1065,0,0,0
U1205,1067,0,0,0
U1205,1068,1,0,0
U1205,1069,1,1,0
U1205,1070,1,1,1
U1205,1071,2,2,2
U1205,1072,2,2,1
U1205,1077,1,1,1
U1205,1079,2,2,2
U1205,1086,1,2,1
U1205,1087,2,2,1
U1205,1088,2,2,2
U1205,1090,1,1,1
U1205,1094,2,2,1
U1206,1007,1,1,2
U1207,1008,1,1,1
U1207,1012,1,1,1
U1207,1021,1,1,1
U1207,1035,1,0,0
U1207,1049,1,1,1
U1207,1057,1,1,1
U1207,1061,2,2,2
U1207,1071,2,1,1
U1207,1086,1,1,1
U1207,1094,1,2,2
U1208,1010,1,1,1
U1208,1014,1,1,1
U1208,1048,1,1,0
U1208,1052,1,0,1
U1208,1077,1,2,1
U1208,1082,1,0,2
U1208,1099,0,1,0
U1209,1001,0,1,0
U1209,1002,1,1,1
U1209,1004,1,1,1
U1209,1006,1,1,1
U1209,1009,1,1,1
U1210,1001,1,1,1
U1210,1002,1,1,1
U1210,1003,2,1,0
U1210,1004,0,1,0
U1210,1005,1,0,1
U1210,1006,1,0,2
U1210,1007,1,0,1
U1210,1008,2,2,2
U1211,1001,1,2,1
U1211,1004,2,2,1
U1211,1006,1,1,2
U1211,1009,2,2,2
U1211,1010,2,1,2
U1211,1011,2,2,2
U1211,1016,1,1,1
U1211,1033,1,2,1
U1211,1035,1,1,1
U1211,1050,2,2,2
U1211,1058,1,1,2
U1211,1059,1,1,1
U1211,1062,1,2,1
U1211,1076,1,1,1
U1211,1079,2,2,1
U1211,1087,1,1,1
U1212,1001,1,2,1
U1212,1004,2,2,1
U1212,1005,1,1,2
U1212,1006,1,1,2
U1212,1009,2,2,2
U1212,1016,1,1,1
U1212,1029,1,1,1
U1212,1033,2,2,2
U1212,1050,2,2,2
U1212,1058,1,1,2
U1212,1062,1,2,1
U1212,1079,2,2,1
U1212,1087,1,1,1
U1212,1097,1,1,1
U1213,1001,1,1,1
U1213,1003,1,1,1
U1213,1011,1,1,1
U1213,1024,1,1,1
U1213,1038,1,1,1
U1213,1055,1,1,1
U1213,1072,1,1,1
U1213,1092,1,1,1
U1214,1001,0,1,1
U1214,1002,1,0,2
U1214,1003,1,2,2
U1214,1004,2,2,2
U1214,1005,1,2,2
U1214,1006,2,2,2
U1214,1007,1,2,2
U1214,1008,2,1,2
U1214,1009,2,2,2
U1214,1010,2,2,2
U1214,1011,1,2,1
U1214,1012,1,2,1
U1214,1013,1,2,1
U1214,1014,2,2,2
U1214,1015,1,2,1
U1214,1017,2,2,2
U1214,1020,2,1,2
U1214,1021,1,2,1
U1214,1022,1,2,1
U1214,1024,1,1,1
U1214,1025,1,0,1
U1214,1027,1,2,2
U1214,1029,1,1,2
U1214,1051,2,1,2
U1214,1061,0,0,1
U1214,1070,1,1,2
U1214,1080,1,2,2
U1214,1081,1,1,0
U1214,1091,1,1,1
U1214,1100,1,1,1
U1215,1002,2,1,1
U1215,1008,2,1,2
U1215,1019,2,1,1
U1215,1037,1,0,1
U1215,1042,2,1,0
U1215,1044,1,1,0
U1215,1058,1,2,0
U1215,1072,1,2,0
U1215,1084,1,2,0
U1215,1099,1,1,0
U1216,1001,1,1,2
U1216,1002,1,1,2
U1216,1003,1,2,1
U1216,1005,2,2,2
U1216,1006,2,2,2
U1216,1007,1,1,2
U1216,1008,1,2,1
U1216,1009,2,1,2
U1216,1010,1,1,2
U1216,1011,1,2,2
U1216,1037,2,1,2
U1217,1001,1,2,1
U1217,1020,1,2,1
U1217,1028,2,2,1
U1217,1037,2,1,1
U1217,1050,2,2,1
U1217,1058,1,1,1
U1217,1061,2,2,2
U1217,1076,2,1,2
U1217,1090,1,1,1
U1217,1091,2,2,2
U1218,1001,1,1,0
U1218,1003,1,1,1
U1218,1005,1,1,0
U1218,1006,2,1,1
U1218,1007,2,1,2
U1218,1008,2,2,1
U1218,1009,2,1,2
U1218,1014,1,1,2
U1218,1015,2,1,2
U1218,1020,2,1,1
U1218,1022,2,1,0
U1218,1023,1,0,2
U1218,1029,0,0,1
U1219,1007,2,2,2
U1219,1012,2,2,2
U1219,1028,2,1,1
U1219,1037,1,1,1
U1219,1050,2,2,2
U1219,1060,1,1,1
U1219,1061,2,2,2
U1219,1071,2,2,2
U1219,1087,2,2,2
U1219,1095,2,2,2
U1220,1001,1,1,1
U1220,1002,2,2,2
U1220,1003,2,2,2
U1220,1004,2,2,2
U1220,1005,2,2,2
U1221,1028,2,1,1
U1221,1035,1,1,0
U1221,1058,2,1,1
U1221,1074,1,2,0
U1221,1089,1,2,1
U1222,1007,2,2,2
U1222,1016,2,2,2
U1222,1021,2,2,2
U1222,1022,2,2,2
U1222,1025,0,2,0
U1222,1029,2,2,2
U1222,1034,2,2,2
U1222,1036,2,2,2
U1222,1037,1,2,1
U1222,1039,2,2,1
U1222,1042,2,2,2
U1222,1043,2,2,2
U1222,1050,2,2,2
U1222,1057,1,0,0
U1222,1061,2,2,2
U1222,1062,2,2,2
U1222,1063,0,0,0
U1222,1064,1,2,1
U1222,1071,2,2,2
U1222,1072,0,0,0
U1222,1079,0,0,0
U1222,1087,2,2,2
U1222,1094,2,2,2
U1222,1095,1,2,0
U1223,1007,1,1,1
U1223,1035,2,2,2
U1223,1060,1,1,1
U1223,1061,1,1,0
U1223,1065,1,1,1
U1223,1072,1,1,1
U1223,1083,1,2,1
U1223,1084,2,2,2
U1224,1008,1,2,1
U1224,1016,1,1,0
U1224,1029,2,2,1
U1224,1037,2,2,2
U1224,1047,1,1,1
U1224,1060,0,1,1
U1224,1070,1,2,0
U1224,1075,2,2,1
U1224,1089,1,1,1
U1225,1001,2,2,1
U1225,1002,1,1,1
U1225,1003,1,1,1
U1225,1004,1,2,1
U1225,1007,1,1,2
U1225,1008,2,2,2
U1225,1029,2,2,2
U1225,1033,1,1,1
U1225,1050,1,2,1
U1225,1058,2,2,2
U1225,1059,1,1,1
U1225,1061,2,2,2
U1225,1071,2,2,2
U1225,1077,2,2,2
U1225,1086,2,1,2
U1225,1094,2,2,2
U1226,1001,2,2,2
U1226,1004,1,1,1
U1226,1006,1,1,2
U1226,1009,2,2,1
U1226,1010,2,1,2
U1226,1015,2,2,2
U1226,1033,2,2,2
U1226,1048,2,2,2
U1226,1050,2,2,2
U1226,1052,2,2,2
U1226,1058,2,2,2
U1226,1063,2,1,2
U1226,1064,2,2,2
U1226,1086,2,2,2
U1226,1094,2,2,2
U1227,1004,2,2,2
U1227,1015,1,1,1
U1227,1025,1,1,1
U1227,1039,2,2,2
U1227,1042,2,2,2
U1227,1060,2,2,2
U1227,1061,2,2,2
U1227,1071,2,2,2
U1227,1090,1,1,1
U1227,1094,2,2,2
U1228,1009,1,1,1
U1228,1039,2,2,2
U1228,1060,1,1,1
U1228,1061,2,2,2
U1228,1087,2,2,2
U1228,1094,2,2,2
U1228,1096,1,1,1
U1229,1001,1,1,0
U1229,1002,1,1,1
U1229,1003,1,1,1
U1229,1004,1,1,1
U1229,1005,0,0,0
U1230,1001,1,1,1
U1230,1009,1,2,1
U1230,1012,2,2,2
U1230,1016,2,2,2
U1230,1019,2,2,2
U1230,1020,1,1,1
U1230,1028,1,1,1
U1230,1029,1,2,1
U1230,1033,1,2,1
U1230,1035,2,2,2
U1230,1042,1,1,1
U1230,1047,1,0,1
U1230,1050,2,2,2
U1230,1051,2,2,2
U1230,1060,2,2,2
U1230,1061,2,2,2
U1230,1065,2,2,2
U1230,1070,0,0,0
U1230,1071,2,2,2
U1230,1075,2,2,2
U1230,1087,0,0,0
U1230,1090,1,1,1
U1230,1094,2,2,2
U1231,1011,1,1,1
U1231,1012,1,1,2
U1231,1091,1,1,1
U1231,1092,1,1,2
U1232,1077,2,2,2
U1233,1007,1,1,2
U1233,1011,2,1,2
U1233,1030,0,1,2
U1233,1035,2,2,2
U1233,1050,2,1,0
U1233,1059,2,1,2
U1233,1068,2,2,1
U1233,1071,2,2,2
U1233,1087,2,2,2
U1233,1093,2,1,0
U1234,1001,1,1,1
U1234,1004,1,1,1
U1234,1005,0,0,0
U1234,1006,1,1,1
U1234,1007,2,2,2
U1234,1008,1,1,1
U1234,1009,1,1,1
U1234,1010,2,1,1
U1234,1011,0,0,0
U1234,1012,1,1,1
U1234,1013,0,0,0
U1234,1014,0,0,0
U1234,1015,0,0,0
U1234,1017,0,0,0
U1234,1018,0,0,0
U1235,1010,1,1,1
U1235,1011,1,1,1
U1235,1029,2,2,2
U1235,1033,1,2,1
U1235,1050,1,2,1
U1235,1055,2,1,1
U1235,1061,2,2,2
U1235,1071,2,1,2
U1235,1076,1,2,1
U1235,1082,2,1,2
U1235,1091,2,1,2
U1236,1001,1,1,0
U1236,1004,1,0,1
U1236,1007,2,2,2
U1236,1010,1,1,1
U1236,1022,1,1,1
U1236,1034,1,2,2
U1236,1040,1,1,1
U1236,1050,2,2,2
U1236,1057,1,1,1
U1236,1060,2,2,2
U1237,1001,0,1,2
U1237,1002,2,1,1
U1237,1003,1,2,1
U1237,1004,1,2,1
U1237,1011,1,2,1
U1237,1012,1,2,1
U1237,1016,1,2,1
U1237,1017,1,2,1
U1237,1022,1,2,1
U1237,1030,1,1,2
U1238,1001,1,1,1
U1238,1002,2,1,2
U1238,1003,1,2,1
U1238,1004,1,1,2
U1238,1005,1,1,1
U1238,1006,1,2,1
U1238,1007,2,2,1
U1238,1008,1,1,2
U1238,1009,1,1,2
U1238,1010,1,1,2
U1239,1001,0,1,1
U1239,1002,1,1,1
U1239,1003,1,2,2
U1239,1007,2,2,2
U1239,1030,2,2,2
U1239,1060,2,2,2
U1240,1003,1,2,1
U1240,1027,2,1,0
U1240,1038,1,1,0
U1240,1053,1,1,0
U1240,1096,2,1,1
U1241,1011,1,2,1
U1241,1038,1,1,0
U1241,1049,2,1,2
U1241,1076,2,1,1
U1241,1084,1,1,0
U1242,1001,2,1,1
U1242,1011,2,1,0
U1242,1021,0,1,1
U1242,1033,2,2,2
U1242,1041,2,2,2
U1242,1051,2,1,1
U1242,1061,2,2,1
U1242,1071,2,2,2
U1242,1087,2,2,2
U1242,1091,2,1,2
U1242,1093,1,2,1
U1243,1001,1,1,1
U1243,1008,1,1,1
U1243,1009,2,2,2
U1243,1010,2,2,2
U1243,1011,1,1,1
U1243,1012,2,1,2
U1243,1013,2,1,2
U1243,1014,1,1,1
U1243,1015,2,1,2
U1243,1016,2,2,2
U1243,1017,2,1,1
U1243,1018,1,1,2
U1243,1019,2,2,2
U1243,1048,1,1,2
U1243,1051,1,1,1
U1243,1057,2,1,2
U1243,1070,2,1,2
U1243,1071,2,2,2
U1243,1076,2,2,2
U1243,1077,1,1,2
U1244,1015,1,2,1
U1244,1023,2,1,2
U1244,1044,1,1,1
U1244,1066,1,2,1
U1244,1088,2,1,1
U1245,1024,0,0,0
U1246,1035,2,0,2
U1246,1039,2,2,2
U1246,1040,2,1,2
U1246,1081,1,1,1
U1246,1082,1,1,1
U1246,1088,1,1,1
U1246,1089,1,1,1
U1246,1090,1,1,1
U1246,1091,2,1,1
U1246,1092,1,2,0
U1246,1094,1,2,0
U1247,1007,1,1,2
U1247,1030,1,1,1
U1247,1047,1,2,1
U1247,1059,1,1,1
U1247,1065,2,2,2
U1247,1073,1,1,1
U1247,1087,1,1,1
U1247,1094,2,1,1
U1248,1001,1,1,0
U1249,1030,1,1,1
U1249,1049,0,0,0
U1249,1050,1,1,1
U1250,1061,2,2,2
U1250,1062,2,2,2
U1250,1063,2,2,2
U1250,1064,2,2,2
U1250,1065,2,2,2
U1250,1067,0,0,0
U1250,1068,1,1,1
U1250,1069,0,1,1
U1250,1070,1,0,0
U1250,1071,2,2,2
U1250,1072,2,2,2
U1250,1074,1,1,1
U1250,1075,1,1,1
U1250,1076,0,0,0
U1250,1077,2,2,2
U1250,1079,2,2,2
U1250,1080,2,2,2
U1251,1001,1,1,1
U1251,1018,1,1,1
U1251,1022,1,2,1
U1251,1037,1,1,1
U1251,1055,1,1,1
U1251,1060,1,2,0
U1251,1061,1,2,0
U1251,1094,1,2,0
U1252,1024,0,0,1
U1252,1025,1,1,0
U1252,1029,1,1,1
U1252,1030,1,1,1
U1252,1032,1,1,0
U1252,1039,1,1,1
U1252,1040,0,0,0
U1252,1041,0,0,0
U1252,1044,0,0,0
U1252,1047,1,1,0
U1252,1060,2,2,2
U1253,1002,2,2,2
U1253,1004,2,2,2
U1253,1007,2,2,2
U1253,1009,2,2,2
U1254,1001,1,1,1
U1254,1002,1,1,1
U1254,1003,1,2,1
U1255,1004,2,1,2
U1255,1027,2,1,1
U1255,1034,1,1,0
U1255,1041,0,0,1
U1255,1052,1,0,1
U1255,1072,1,1,0
U1255,1086,1,0,1